"id","nombre","apellidos","email","telefono"
"1","jose vicente","carratala","info@josevicentecarratala.com","666444777"
"id","nombre","apellidos","email","telefono"
"1","jose vicente","carratala","info@josevicentecarratala.com","666444777"
"id","nombre","apellidos","email","telefono"
"1","jose vicente","carratala","info@josevicentecarratala.com","666444777"
"id","nombre","apellidos","email","telefono"
"1","jose vicente","carratala","info@josevicentecarratala.com","666444777"
"id","nombre","apellidos","email","telefono"
"1","jose vicente","carratala","info@josevicentecarratala.com","666444777"
"id","nombre","apellidos","email","telefono"
"1","jose vicente","carratala","info@josevicentecarratala.com","666444777"
"id","nombre","apellidos","email","telefono"
"1","jose vicente","carratala","info@josevicentecarratala.com","666444777"
"id","nombre","apellidos","email","telefono"
"1","jose vicente","carratala","info@josevicentecarratala.com","666444777"
"id","nombre","apellidos","email","telefono"
"1","jose vicente","carratala","info@josevicentecarratala.com","666444777"
