"id","nombreproducto","precio","dimensiones"
"1","raton","25","8x5x6"
"id","nombreproducto","precio","dimensiones"
"1","raton","25","8x5x6"
"id","nombreproducto","precio","dimensiones"
"1","raton","25","8x5x6"
"id","nombreproducto","precio","dimensiones"
"1","raton","25","8x5x6"
"id","nombreproducto","precio","dimensiones"
"1","raton","25","8x5x6"
"id","nombreproducto","precio","dimensiones"
"1","raton","25","8x5x6"
"id","nombreproducto","precio","dimensiones"
"1","raton","25","8x5x6"
"id","nombreproducto","precio","dimensiones"
"1","raton","25","8x5x6"
"id","nombreproducto","precio","dimensiones"
"1","raton","25","8x5x6"
